Portfolio,Beta,Total_Risk,Systematic_Risk,Idiosyncratic_Risk,Systematic_Risk_Proportion,Idiosyncratic_Risk_Proportion
A,1.005200185916909,88.67912005870889,82.89727124403885,31.49648797372741,0.8738516685435598,0.12614833145644017
B,0.9134017697931094,78.75355825729088,75.32680089613861,22.978163654609133,0.9148685038654594,0.08513149613454063
C,1.0344803085039505,89.24432988030522,85.31195669492008,26.199627109346768,0.9138155420162299,0.08618445798377004
