Portfolio,Beta,Total_Return,Systematic_Return,Idiosyncratic_Return,Systematic_Proportion,Idiosyncratic_Proportion,Covered_Weight
A,1.005200185916909,8.087334617766285,7.491231455432528,-1.4105686881782002,1.231976141774284,-0.23197614177428402,1.0
B,0.9134017697931094,9.40195137255676,6.807105853328494,0.5881736687163084,0.9204663370785371,0.07953366292146287,1.0
C,1.0344803085039505,12.839707690455096,7.709440901089252,3.1235949388538877,0.7116602414129664,0.2883397585870336,1.0
