Portfolio,Beta,Total_Return,Systematic_Return,Idiosyncratic_Return,Systematic_Proportion,Idiosyncratic_Proportion,Covered_Weight,Method
A,1.0133482850377988,0.2872163372232423,0.2708917931221223,0.0031322839414835,0.9431628985351498,0.0109056607704349,1.0,原始投资组合
B,1.0106869732144097,0.2567900558715004,0.2672695552724459,-0.0018944745191787,1.0408095997540867,-0.0073775229058198,1.0,原始投资组合
C,1.0187138950242214,0.3087909651403682,0.2707645511779173,0.0246890767631255,0.8768538647328459,0.0799540127474341,0.9999999999999998,原始投资组合
A,1.0133482850377988,0.2872163372232423,0.2708917931221223,0.0031322839414835,0.9431628985351498,0.0109056607704349,1.0,最大夏普比率
B,1.0106869732144097,0.2567900558715004,0.2672695552724459,-0.0018944745191787,1.0408095997540867,-0.0073775229058198,1.0,最大夏普比率
C,1.0187138950242214,0.3087909651403682,0.2707645511779173,0.0246890767631255,0.8768538647328459,0.0799540127474341,0.9999999999999998,最大夏普比率
A,1.005200185916909,8.087334617766285,7.491231455432528,-1.4105686881782002,1.231976141774284,-0.23197614177428402,1.0,风险平价
B,0.9134017697931094,9.40195137255676,6.807105853328494,0.5881736687163084,0.9204663370785371,0.07953366292146287,1.0,风险平价
C,1.0344803085039505,12.839707690455096,7.709440901089252,3.1235949388538877,0.7116602414129664,0.2883397585870336,1.0,风险平价
