Portfolio,Beta,Alpha,Total_Return,Systematic_Return,Idiosyncratic_Return,Systematic_Proportion,Idiosyncratic_Proportion,Covered_Weight
A,0.949231703437597,-7.123337476031154e-05,0.18432591513014346,0.2514798291010904,-0.05649897024353291,1.3643216089475692,-0.30651669464731407,1.0
B,0.7044688327032841,-0.0006017771555305885,0.248236754259886,0.18237811600918327,0.0606421922098469,0.7346942500635765,0.24429175442069667,1.0
C,1.104456340563185,0.00044021669341688847,0.5002665614042215,0.29892243205133096,0.11917123657746656,0.5975263091985833,0.23821547505185886,1.0
TOTAL PORTFOLIO,0.919385625568022,-7.759794562467052e-05,0.310943076931417,0.24426012572053485,0.041104819514593514,0.7855461138773319,0.13219403345538958,1.0
