Portfolio,Beta,Total_Risk,Systematic_Risk,Idiosyncratic_Risk,Systematic_Risk_Proportion,Idiosyncratic_Risk_Proportion,Method
A,1.0133482850377988,9.767728216825208e-05,8.819117705688604e-05,9.486105111366045e-06,0.9028831996469154,0.0971168003530845,原始投资组合
B,1.0106869732144093,8.513405553835528e-05,7.865623081792132e-05,6.477824720433951e-06,0.9239103002967418,0.0760896997032581,原始投资组合
C,1.0187138950242212,9.152038053050632e-05,8.369425333072978e-05,7.826127199776529e-06,0.9144876020574688,0.085512397942531,原始投资组合
A,1.0133482850377988,9.767728216825208e-05,8.819117705688604e-05,9.486105111366045e-06,0.9028831996469154,0.0971168003530845,最大夏普比率
B,1.0106869732144093,8.513405553835528e-05,7.865623081792132e-05,6.477824720433951e-06,0.9239103002967418,0.0760896997032581,最大夏普比率
C,1.0187138950242212,9.152038053050632e-05,8.369425333072978e-05,7.826127199776529e-06,0.9144876020574688,0.085512397942531,最大夏普比率
A,1.005200185916909,88.67912005870889,82.89727124403885,31.49648797372741,0.8738516685435598,0.12614833145644017,风险平价
B,0.9134017697931094,78.75355825729088,75.32680089613861,22.978163654609133,0.9148685038654594,0.08513149613454063,风险平价
C,1.0344803085039505,89.24432988030522,85.31195669492008,26.199627109346768,0.9138155420162299,0.08618445798377004,风险平价
